,Unnamed: 0,Group,Timestamp,Count,Date,Time
0,0,1,6/6/2014 8:20,2,6/6/2014,8:20:22
1500,1500,1,6/6/2014 8:59,2,6/6/2014,8:59:07
3000,3000,1,6/6/2014 9:43,2,6/6/2014,9:43:40
4500,4500,1,6/6/2014 11:07,8,6/6/2014,11:07:06
6000,6000,1,6/6/2014 11:49,6,6/6/2014,11:49:09
7500,7500,1,6/6/2014 12:39,5,6/6/2014,12:39:05
9000,9000,1,6/6/2014 13:24,2,6/6/2014,13:24:04
10500,10500,1,6/6/2014 14:09,4,6/6/2014,14:09:43
12000,12000,1,6/6/2014 14:58,2,6/6/2014,14:58:03
13500,13500,1,6/6/2014 16:03,7,6/6/2014,16:03:42
15000,15000,1,6/6/2014 16:56,4,6/6/2014,16:56:22
16500,16500,1,6/6/2014 17:43,1,6/6/2014,17:43:59
18000,18000,1,6/6/2014 18:37,5,6/6/2014,18:37:51
19500,19500,1,6/6/2014 19:42,1,6/6/2014,19:42:14
21000,21000,1,6/6/2014 20:38,4,6/6/2014,20:38:32
22500,22500,1,6/6/2014 21:47,3,6/6/2014,21:47:43
24000,24000,1,6/6/2014 22:28,2,6/6/2014,22:28:02
25500,25500,3,6/6/2014 8:33,3,6/6/2014,8:33:06
27000,27000,3,6/6/2014 9:07,1,6/6/2014,9:07:19
28500,28500,3,6/6/2014 9:40,1,6/6/2014,9:40:35
30000,30000,3,6/6/2014 10:20,1,6/6/2014,10:20:40
31500,31500,3,6/6/2014 10:53,2,6/6/2014,10:53:30
33000,33000,3,6/6/2014 11:26,2,6/6/2014,11:26:15
34500,34500,3,6/6/2014 11:57,1,6/6/2014,11:57:30
36000,36000,3,6/6/2014 12:30,4,6/6/2014,12:30:04
37500,37500,3,6/6/2014 13:03,2,6/6/2014,13:03:00
39000,39000,3,6/6/2014 13:40,1,6/6/2014,13:40:42
40500,40500,3,6/6/2014 14:12,2,6/6/2014,14:12:05
42000,42000,3,6/6/2014 14:42,2,6/6/2014,14:42:48
43500,43500,3,6/6/2014 15:15,5,6/6/2014,15:15:16
45000,45000,3,6/6/2014 15:52,1,6/6/2014,15:52:33
46500,46500,3,6/6/2014 16:31,2,6/6/2014,16:31:42
48000,48000,3,6/6/2014 17:04,3,6/6/2014,17:04:46
49500,49500,3,6/6/2014 17:42,1,6/6/2014,17:42:50
51000,51000,3,6/6/2014 18:17,1,6/6/2014,18:17:47
52500,52500,3,6/6/2014 18:49,5,6/6/2014,18:49:58
54000,54000,3,6/6/2014 19:29,1,6/6/2014,19:29:00
55500,55500,3,6/6/2014 20:04,6,6/6/2014,20:04:30
57000,57000,3,6/6/2014 20:40,2,6/6/2014,20:40:58
58500,58500,3,6/6/2014 21:12,1,6/6/2014,21:12:08
60000,60000,3,6/6/2014 21:54,3,6/6/2014,21:54:39
61500,61500,5,6/6/2014 8:16,3,6/6/2014,8:16:10
63000,63000,5,6/6/2014 8:47,5,6/6/2014,8:47:29
64500,64500,5,6/6/2014 9:34,2,6/6/2014,9:34:05
66000,66000,5,6/6/2014 10:14,4,6/6/2014,10:14:05
67500,67500,5,6/6/2014 10:54,5,6/6/2014,10:54:20
69000,69000,5,6/6/2014 11:41,3,6/6/2014,11:41:44
70500,70500,5,6/6/2014 12:25,3,6/6/2014,12:25:32
72000,72000,5,6/6/2014 13:17,4,6/6/2014,13:17:32
73500,73500,5,6/6/2014 14:15,3,6/6/2014,14:15:57
75000,75000,5,6/6/2014 15:09,2,6/6/2014,15:09:52
76500,76500,5,6/6/2014 15:53,2,6/6/2014,15:53:05
78000,78000,5,6/6/2014 16:43,4,6/6/2014,16:43:48
79500,79500,5,6/6/2014 17:28,1,6/6/2014,17:28:26
81000,81000,5,6/6/2014 18:24,1,6/6/2014,18:24:13
82500,82500,5,6/6/2014 19:15,5,6/6/2014,19:15:16
84000,84000,5,6/6/2014 19:56,3,6/6/2014,19:56:50
85500,85500,5,6/6/2014 20:43,1,6/6/2014,20:43:14
87000,87000,5,6/6/2014 21:34,1,6/6/2014,21:34:53
88500,88500,9,6/6/2014 9:34,1,6/6/2014,9:34:09
90000,90000,9,6/6/2014 10:56,3,6/6/2014,10:56:05
91500,91500,9,6/6/2014 12:10,3,6/6/2014,12:10:28
93000,93000,9,6/6/2014 13:25,6,6/6/2014,13:25:17
94500,94500,9,6/6/2014 15:06,5,6/6/2014,15:06:47
96000,96000,10,6/6/2014 9:02,1,6/6/2014,9:02:01
97500,97500,10,6/6/2014 9:46,1,6/6/2014,9:46:46
99000,99000,10,6/6/2014 10:36,1,6/6/2014,10:36:37
100500,100500,10,6/6/2014 11:23,1,6/6/2014,11:23:13
102000,102000,10,6/6/2014 12:09,3,6/6/2014,12:09:34
103500,103500,10,6/6/2014 13:02,1,6/6/2014,13:02:40
105000,105000,12,6/6/2014 14:57,4,6/6/2014,14:57:58
106500,106500,12,6/6/2014 16:15,3,6/6/2014,16:15:59
108000,108000,12,6/6/2014 17:23,4,6/6/2014,17:23:18
109500,109500,12,6/6/2014 18:43,3,6/6/2014,18:43:58
111000,111000,12,6/6/2014 20:06,6,6/6/2014,20:06:44
112500,112500,12,6/6/2014 21:12,1,6/6/2014,21:12:37
114000,114000,12,6/6/2014 22:23,1,6/6/2014,22:23:13
115500,115500,15,6/6/2014 8:29,2,6/6/2014,8:29:22
117000,117000,15,6/6/2014 8:56,5,6/6/2014,8:56:47
118500,118500,15,6/6/2014 9:24,1,6/6/2014,9:24:45
120000,120000,15,6/6/2014 9:52,3,6/6/2014,9:52:45
121500,121500,15,6/6/2014 10:22,2,6/6/2014,10:22:41
123000,123000,15,6/6/2014 10:52,6,6/6/2014,10:52:23
124500,124500,15,6/6/2014 11:19,8,6/6/2014,11:19:46
126000,126000,15,6/6/2014 11:47,1,6/6/2014,11:47:47
127500,127500,15,6/6/2014 12:20,3,6/6/2014,12:20:31
129000,129000,15,6/6/2014 12:47,4,6/6/2014,12:47:45
130500,130500,15,6/6/2014 13:15,3,6/6/2014,13:15:50
132000,132000,15,6/6/2014 13:44,1,6/6/2014,13:44:17
133500,133500,15,6/6/2014 14:13,1,6/6/2014,14:13:42
135000,135000,15,6/6/2014 14:45,4,6/6/2014,14:45:35
136500,136500,15,6/6/2014 15:15,2,6/6/2014,15:15:39
138000,138000,15,6/6/2014 15:45,2,6/6/2014,15:45:21
139500,139500,15,6/6/2014 16:14,5,6/6/2014,16:14:35
141000,141000,15,6/6/2014 16:43,1,6/6/2014,16:43:43
142500,142500,15,6/6/2014 17:14,3,6/6/2014,17:14:15
144000,144000,15,6/6/2014 17:45,2,6/6/2014,17:45:00
145500,145500,15,6/6/2014 18:15,2,6/6/2014,18:15:58
147000,147000,15,6/6/2014 18:48,1,6/6/2014,18:48:20
148500,148500,15,6/6/2014 19:19,2,6/6/2014,19:19:11
150000,150000,15,6/6/2014 19:55,1,6/6/2014,19:55:28
151500,151500,15,6/6/2014 20:24,1,6/6/2014,20:24:21
153000,153000,15,6/6/2014 20:58,4,6/6/2014,20:58:29
154500,154500,15,6/6/2014 21:36,7,6/6/2014,21:36:47
156000,156000,15,6/6/2014 22:36,3,6/6/2014,22:36:14
157500,157500,18,6/6/2014 8:29,1,6/6/2014,8:29:41
159000,159000,18,6/6/2014 9:15,1,6/6/2014,9:15:50
160500,160500,18,6/6/2014 10:03,3,6/6/2014,10:03:26
162000,162000,18,6/6/2014 11:07,2,6/6/2014,11:07:54
163500,163500,18,6/6/2014 11:50,1,6/6/2014,11:50:18
165000,165000,18,6/6/2014 12:32,2,6/6/2014,12:32:37
166500,166500,18,6/6/2014 13:25,2,6/6/2014,13:25:41
168000,168000,18,6/6/2014 14:15,3,6/6/2014,14:15:06
169500,169500,18,6/6/2014 15:26,1,6/6/2014,15:26:40
171000,171000,18,6/6/2014 16:39,6,6/6/2014,16:39:40
172500,172500,18,6/6/2014 17:30,1,6/6/2014,17:30:56
174000,174000,18,6/6/2014 18:20,2,6/6/2014,18:20:19
175500,175500,18,6/6/2014 19:20,2,6/6/2014,19:20:04
177000,177000,18,6/6/2014 20:36,4,6/6/2014,20:36:44
178500,178500,25,6/6/2014 8:21,11,6/6/2014,8:21:53
180000,180000,25,6/6/2014 8:49,6,6/6/2014,8:49:25
181500,181500,25,6/6/2014 9:16,4,6/6/2014,9:16:15
183000,183000,25,6/6/2014 9:43,2,6/6/2014,9:43:31
184500,184500,25,6/6/2014 10:10,3,6/6/2014,10:10:09
186000,186000,25,6/6/2014 10:38,3,6/6/2014,10:38:32
187500,187500,25,6/6/2014 11:06,6,6/6/2014,11:06:02
189000,189000,25,6/6/2014 11:33,6,6/6/2014,11:33:38
190500,190500,25,6/6/2014 11:59,11,6/6/2014,11:59:51
192000,192000,25,6/6/2014 12:25,4,6/6/2014,12:25:55
193500,193500,25,6/6/2014 12:52,3,6/6/2014,12:52:49
195000,195000,25,6/6/2014 13:19,1,6/6/2014,13:19:52
196500,196500,25,6/6/2014 13:46,1,6/6/2014,13:46:49
198000,198000,25,6/6/2014 14:14,1,6/6/2014,14:14:10
199500,199500,25,6/6/2014 14:41,2,6/6/2014,14:41:06
201000,201000,25,6/6/2014 15:08,9,6/6/2014,15:08:52
202500,202500,25,6/6/2014 15:38,6,6/6/2014,15:38:15
204000,204000,25,6/6/2014 16:05,5,6/6/2014,16:05:07
205500,205500,25,6/6/2014 16:34,2,6/6/2014,16:34:14
207000,207000,25,6/6/2014 17:02,5,6/6/2014,17:02:50
208500,208500,25,6/6/2014 17:30,6,6/6/2014,17:30:37
210000,210000,25,6/6/2014 17:59,2,6/6/2014,17:59:21
211500,211500,25,6/6/2014 18:28,6,6/6/2014,18:28:19
213000,213000,25,6/6/2014 18:57,5,6/6/2014,18:57:34
214500,214500,25,6/6/2014 19:25,9,6/6/2014,19:25:48
216000,216000,25,6/6/2014 19:54,5,6/6/2014,19:54:34
217500,217500,25,6/6/2014 20:24,3,6/6/2014,20:24:14
219000,219000,25,6/6/2014 20:56,4,6/6/2014,20:56:36
220500,220500,25,6/6/2014 21:28,1,6/6/2014,21:28:03
222000,222000,25,6/6/2014 22:01,1,6/6/2014,22:01:12
223500,223500,26,6/6/2014 9:12,1,6/6/2014,9:12:16
225000,225000,26,6/6/2014 9:58,4,6/6/2014,9:58:31
226500,226500,26,6/6/2014 10:39,2,6/6/2014,10:39:46
228000,228000,26,6/6/2014 11:16,1,6/6/2014,11:16:21
229500,229500,26,6/6/2014 12:01,2,6/6/2014,12:01:34
231000,231000,26,6/6/2014 12:40,1,6/6/2014,12:40:55
232500,232500,26,6/6/2014 13:21,1,6/6/2014,13:21:52
234000,234000,26,6/6/2014 14:00,1,6/6/2014,14:00:59
235500,235500,26,6/6/2014 14:43,1,6/6/2014,14:43:38
237000,237000,26,6/6/2014 15:32,3,6/6/2014,15:32:58
238500,238500,26,6/6/2014 16:22,2,6/6/2014,16:22:56
240000,240000,26,6/6/2014 17:03,2,6/6/2014,17:03:02
241500,241500,29,6/6/2014 10:41,2,6/6/2014,10:41:34
243000,243000,32,6/6/2014 12:30,1,6/6/2014,12:30:09
244500,244500,32,6/6/2014 18:05,33,6/6/2014,18:05:23
246000,246000,32,6/6/2014 21:29,18,6/6/2014,21:29:07
247500,247500,34,6/6/2014 18:04,1,6/6/2014,18:04:55
249000,249000,34,6/6/2014 19:14,2,6/6/2014,19:14:37
250500,250500,34,6/6/2014 20:19,3,6/6/2014,20:19:09
252000,252000,34,6/6/2014 21:21,3,6/6/2014,21:21:33
253500,253500,34,6/6/2014 22:25,5,6/6/2014,22:25:22
255000,255000,35,6/6/2014 8:33,1,6/6/2014,8:33:21
256500,256500,35,6/6/2014 9:01,4,6/6/2014,9:01:56
258000,258000,35,6/6/2014 9:33,8,6/6/2014,9:33:41
259500,259500,35,6/6/2014 10:06,2,6/6/2014,10:06:03
261000,261000,35,6/6/2014 10:39,3,6/6/2014,10:39:18
262500,262500,35,6/6/2014 11:08,3,6/6/2014,11:08:32
264000,264000,35,6/6/2014 11:39,5,6/6/2014,11:39:41
265500,265500,35,6/6/2014 12:14,14,6/6/2014,12:14:16
267000,267000,35,6/6/2014 12:49,4,6/6/2014,12:49:41
268500,268500,35,6/6/2014 13:24,4,6/6/2014,13:24:43
270000,270000,35,6/6/2014 14:02,2,6/6/2014,14:02:12
271500,271500,35,6/6/2014 14:36,3,6/6/2014,14:36:52
273000,273000,35,6/6/2014 15:12,6,6/6/2014,15:12:28
274500,274500,35,6/6/2014 15:41,2,6/6/2014,15:41:58
276000,276000,35,6/6/2014 16:16,1,6/6/2014,16:16:04
277500,277500,35,6/6/2014 16:49,3,6/6/2014,16:49:25
279000,279000,35,6/6/2014 17:27,2,6/6/2014,17:27:05
280500,280500,35,6/6/2014 18:01,4,6/6/2014,18:01:08
282000,282000,35,6/6/2014 18:37,1,6/6/2014,18:37:13
283500,283500,35,6/6/2014 19:17,6,6/6/2014,19:17:43
285000,285000,35,6/6/2014 19:51,1,6/6/2014,19:51:51
286500,286500,35,6/6/2014 20:29,2,6/6/2014,20:29:02
288000,288000,35,6/6/2014 21:17,4,6/6/2014,21:17:56
289500,289500,36,6/6/2014 8:02,1,6/6/2014,8:02:46
291000,291000,36,6/6/2014 8:34,2,6/6/2014,8:34:48
292500,292500,36,6/6/2014 9:09,3,6/6/2014,9:09:59
294000,294000,36,6/6/2014 9:44,6,6/6/2014,9:44:41
295500,295500,36,6/6/2014 10:24,5,6/6/2014,10:24:31
297000,297000,36,6/6/2014 11:07,4,6/6/2014,11:07:12
298500,298500,36,6/6/2014 11:38,6,6/6/2014,11:38:29
300000,300000,36,6/6/2014 12:12,1,6/6/2014,12:12:00
301500,301500,36,6/6/2014 12:56,1,6/6/2014,12:56:22
303000,303000,36,6/6/2014 13:32,3,6/6/2014,13:32:16
304500,304500,36,6/6/2014 14:09,2,6/6/2014,14:09:57
306000,306000,36,6/6/2014 14:44,1,6/6/2014,14:44:00
307500,307500,36,6/6/2014 15:39,1,6/6/2014,15:39:12
309000,309000,36,6/6/2014 16:22,3,6/6/2014,16:22:08
310500,310500,36,6/6/2014 17:00,2,6/6/2014,17:00:46
312000,312000,36,6/6/2014 17:36,1,6/6/2014,17:36:14
313500,313500,36,6/6/2014 18:22,5,6/6/2014,18:22:00
315000,315000,36,6/6/2014 19:03,3,6/6/2014,19:03:37
316500,316500,36,6/6/2014 19:46,3,6/6/2014,19:46:41
318000,318000,36,6/6/2014 20:25,1,6/6/2014,20:25:45
319500,319500,36,6/6/2014 20:59,4,6/6/2014,20:59:25
321000,321000,36,6/6/2014 21:38,2,6/6/2014,21:38:18
322500,322500,38,6/6/2014 8:41,6,6/6/2014,8:41:07
324000,324000,38,6/6/2014 9:06,3,6/6/2014,9:06:58
325500,325500,38,6/6/2014 9:37,4,6/6/2014,9:37:10
327000,327000,38,6/6/2014 10:04,17,6/6/2014,10:04:09
328500,328500,38,6/6/2014 10:32,4,6/6/2014,10:32:31
330000,330000,38,6/6/2014 11:01,3,6/6/2014,11:01:40
331500,331500,38,6/6/2014 11:29,1,6/6/2014,11:29:03
333000,333000,38,6/6/2014 11:58,3,6/6/2014,11:58:05
334500,334500,38,6/6/2014 12:25,1,6/6/2014,12:25:42
336000,336000,38,6/6/2014 12:53,4,6/6/2014,12:53:34
337500,337500,38,6/6/2014 13:23,2,6/6/2014,13:23:48
339000,339000,38,6/6/2014 13:51,6,6/6/2014,13:51:05
340500,340500,38,6/6/2014 14:20,10,6/6/2014,14:20:40
342000,342000,38,6/6/2014 14:48,4,6/6/2014,14:48:47
343500,343500,38,6/6/2014 15:17,2,6/6/2014,15:17:31
345000,345000,38,6/6/2014 15:46,1,6/6/2014,15:46:07
346500,346500,38,6/6/2014 16:13,2,6/6/2014,16:13:56
348000,348000,38,6/6/2014 16:43,3,6/6/2014,16:43:21
349500,349500,38,6/6/2014 17:13,3,6/6/2014,17:13:26
351000,351000,38,6/6/2014 17:42,4,6/6/2014,17:42:53
352500,352500,38,6/6/2014 18:11,7,6/6/2014,18:11:59
354000,354000,38,6/6/2014 18:40,8,6/6/2014,18:40:54
355500,355500,38,6/6/2014 19:10,4,6/6/2014,19:10:30
357000,357000,38,6/6/2014 19:42,2,6/6/2014,19:42:24
358500,358500,38,6/6/2014 20:12,3,6/6/2014,20:12:05
360000,360000,38,6/6/2014 20:42,1,6/6/2014,20:42:26
361500,361500,38,6/6/2014 21:17,2,6/6/2014,21:17:10
363000,363000,38,6/6/2014 22:02,1,6/6/2014,22:02:00
364500,364500,40,6/6/2014 8:34,7,6/6/2014,8:34:04
366000,366000,40,6/6/2014 9:00,2,6/6/2014,9:00:54
367500,367500,40,6/6/2014 9:30,2,6/6/2014,9:30:26
369000,369000,40,6/6/2014 9:58,9,6/6/2014,9:58:08
370500,370500,40,6/6/2014 10:25,1,6/6/2014,10:25:29
372000,372000,40,6/6/2014 10:53,15,6/6/2014,10:53:49
373500,373500,40,6/6/2014 11:21,7,6/6/2014,11:21:48
375000,375000,40,6/6/2014 11:49,1,6/6/2014,11:49:22
376500,376500,40,6/6/2014 12:17,5,6/6/2014,12:17:05
378000,378000,40,6/6/2014 12:45,6,6/6/2014,12:45:27
379500,379500,40,6/6/2014 13:15,4,6/6/2014,13:15:33
381000,381000,40,6/6/2014 13:46,2,6/6/2014,13:46:02
382500,382500,40,6/6/2014 14:15,13,6/6/2014,14:15:22
384000,384000,40,6/6/2014 14:47,6,6/6/2014,14:47:31
385500,385500,40,6/6/2014 15:16,1,6/6/2014,15:16:33
387000,387000,40,6/6/2014 15:47,3,6/6/2014,15:47:35
388500,388500,40,6/6/2014 16:16,1,6/6/2014,16:16:11
390000,390000,40,6/6/2014 16:43,9,6/6/2014,16:43:28
391500,391500,40,6/6/2014 17:13,7,6/6/2014,17:13:40
393000,393000,40,6/6/2014 17:42,8,6/6/2014,17:42:35
394500,394500,40,6/6/2014 18:11,1,6/6/2014,18:11:44
396000,396000,40,6/6/2014 18:42,12,6/6/2014,18:42:53
397500,397500,40,6/6/2014 19:11,1,6/6/2014,19:11:49
399000,399000,40,6/6/2014 19:43,4,6/6/2014,19:43:52
400500,400500,40,6/6/2014 20:12,5,6/6/2014,20:12:16
402000,402000,40,6/6/2014 20:42,6,6/6/2014,20:42:57
403500,403500,40,6/6/2014 21:14,4,6/6/2014,21:14:01
405000,405000,40,6/6/2014 21:47,1,6/6/2014,21:47:26
406500,406500,40,6/6/2014 22:27,1,6/6/2014,22:27:51
408000,408000,41,6/6/2014 12:35,28,6/6/2014,12:35:52
409500,409500,43,6/6/2014 8:42,3,6/6/2014,8:42:57
411000,411000,43,6/6/2014 9:17,7,6/6/2014,9:17:56
412500,412500,43,6/6/2014 10:01,1,6/6/2014,10:01:11
414000,414000,43,6/6/2014 10:41,7,6/6/2014,10:41:57
415500,415500,43,6/6/2014 11:16,3,6/6/2014,11:16:39
417000,417000,43,6/6/2014 11:57,7,6/6/2014,11:57:04
418500,418500,43,6/6/2014 12:34,2,6/6/2014,12:34:43
420000,420000,43,6/6/2014 13:16,2,6/6/2014,13:16:13
421500,421500,43,6/6/2014 13:58,6,6/6/2014,13:58:47
423000,423000,43,6/6/2014 14:41,9,6/6/2014,14:41:35
424500,424500,43,6/6/2014 15:29,7,6/6/2014,15:29:58
426000,426000,43,6/6/2014 16:18,2,6/6/2014,16:18:17
427500,427500,43,6/6/2014 17:04,3,6/6/2014,17:04:52
429000,429000,43,6/6/2014 17:42,12,6/6/2014,17:42:49
430500,430500,43,6/6/2014 18:27,2,6/6/2014,18:27:50
432000,432000,43,6/6/2014 19:16,2,6/6/2014,19:16:32
433500,433500,43,6/6/2014 19:57,3,6/6/2014,19:57:56
435000,435000,43,6/6/2014 20:43,2,6/6/2014,20:43:35
436500,436500,44,6/6/2014 9:45,1,6/6/2014,9:45:00
438000,438000,44,6/6/2014 11:46,2,6/6/2014,11:46:19
439500,439500,46,6/6/2014 13:39,1,6/6/2014,13:39:22
441000,441000,46,6/6/2014 15:28,1,6/6/2014,15:28:47
442500,442500,46,6/6/2014 17:10,1,6/6/2014,17:10:36
444000,444000,46,6/6/2014 18:49,1,6/6/2014,18:49:44
445500,445500,46,6/6/2014 20:07,2,6/6/2014,20:07:19
447000,447000,46,6/6/2014 21:58,3,6/6/2014,21:58:33
448500,448500,47,6/6/2014 8:38,2,6/6/2014,8:38:33
450000,450000,47,6/6/2014 9:18,1,6/6/2014,9:18:33
451500,451500,47,6/6/2014 9:56,1,6/6/2014,9:56:21
453000,453000,47,6/6/2014 10:30,1,6/6/2014,10:30:52
454500,454500,47,6/6/2014 11:11,5,6/6/2014,11:11:24
456000,456000,47,6/6/2014 11:46,5,6/6/2014,11:46:47
457500,457500,47,6/6/2014 12:25,4,6/6/2014,12:25:16
459000,459000,47,6/6/2014 13:03,3,6/6/2014,13:03:32
460500,460500,47,6/6/2014 13:40,5,6/6/2014,13:40:39
462000,462000,47,6/6/2014 14:14,3,6/6/2014,14:14:17
463500,463500,47,6/6/2014 14:54,4,6/6/2014,14:54:06
465000,465000,47,6/6/2014 15:40,2,6/6/2014,15:40:36
466500,466500,47,6/6/2014 16:21,2,6/6/2014,16:21:29
468000,468000,47,6/6/2014 17:06,3,6/6/2014,17:06:29
469500,469500,47,6/6/2014 17:50,3,6/6/2014,17:50:43
471000,471000,47,6/6/2014 18:27,1,6/6/2014,18:27:41
472500,472500,47,6/6/2014 19:14,3,6/6/2014,19:14:47
474000,474000,47,6/6/2014 19:57,4,6/6/2014,19:57:44
475500,475500,47,6/6/2014 20:48,1,6/6/2014,20:48:18
477000,477000,47,6/6/2014 22:06,2,6/6/2014,22:06:52
478500,478500,52,6/6/2014 8:50,3,6/6/2014,8:50:05
480000,480000,52,6/6/2014 9:19,1,6/6/2014,9:19:17
481500,481500,52,6/6/2014 9:49,1,6/6/2014,9:49:42
483000,483000,52,6/6/2014 10:21,3,6/6/2014,10:21:24
484500,484500,52,6/6/2014 10:53,3,6/6/2014,10:53:51
486000,486000,52,6/6/2014 11:28,3,6/6/2014,11:28:52
487500,487500,52,6/6/2014 12:03,4,6/6/2014,12:03:30
489000,489000,52,6/6/2014 12:36,8,6/6/2014,12:36:50
490500,490500,52,6/6/2014 13:10,1,6/6/2014,13:10:43
492000,492000,52,6/6/2014 13:46,3,6/6/2014,13:46:48
493500,493500,52,6/6/2014 14:21,1,6/6/2014,14:21:18
495000,495000,52,6/6/2014 14:55,2,6/6/2014,14:55:02
496500,496500,52,6/6/2014 15:25,3,6/6/2014,15:25:05
498000,498000,52,6/6/2014 15:59,2,6/6/2014,15:59:12
499500,499500,52,6/6/2014 16:31,2,6/6/2014,16:31:17
501000,501000,52,6/6/2014 17:12,5,6/6/2014,17:12:25
502500,502500,52,6/6/2014 17:44,2,6/6/2014,17:44:57
504000,504000,52,6/6/2014 18:20,13,6/6/2014,18:20:44
505500,505500,52,6/6/2014 18:52,3,6/6/2014,18:52:07
507000,507000,52,6/6/2014 19:27,3,6/6/2014,19:27:18
508500,508500,52,6/6/2014 20:06,5,6/6/2014,20:06:04
510000,510000,52,6/6/2014 20:45,2,6/6/2014,20:45:35
511500,511500,52,6/6/2014 21:37,3,6/6/2014,21:37:24
513000,513000,52,6/6/2014 22:42,1,6/6/2014,22:42:10
514500,514500,55,6/6/2014 8:51,11,6/6/2014,8:51:16
516000,516000,55,6/6/2014 9:30,1,6/6/2014,9:30:09
517500,517500,55,6/6/2014 10:09,1,6/6/2014,10:09:19
519000,519000,55,6/6/2014 10:50,2,6/6/2014,10:50:36
520500,520500,55,6/6/2014 11:26,5,6/6/2014,11:26:40
522000,522000,55,6/6/2014 11:59,5,6/6/2014,11:59:16
523500,523500,55,6/6/2014 12:40,4,6/6/2014,12:40:25
525000,525000,55,6/6/2014 13:14,1,6/6/2014,13:14:54
526500,526500,55,6/6/2014 13:54,1,6/6/2014,13:54:51
528000,528000,55,6/6/2014 14:29,2,6/6/2014,14:29:34
529500,529500,55,6/6/2014 15:13,5,6/6/2014,15:13:14
531000,531000,55,6/6/2014 15:51,6,6/6/2014,15:51:21
532500,532500,55,6/6/2014 16:27,3,6/6/2014,16:27:15
534000,534000,55,6/6/2014 17:03,7,6/6/2014,17:03:17
535500,535500,55,6/6/2014 17:44,1,6/6/2014,17:44:00
537000,537000,55,6/6/2014 18:20,4,6/6/2014,18:20:15
538500,538500,55,6/6/2014 19:08,1,6/6/2014,19:08:11
540000,540000,55,6/6/2014 19:55,4,6/6/2014,19:55:19
541500,541500,55,6/6/2014 20:39,1,6/6/2014,20:39:43
543000,543000,55,6/6/2014 21:29,1,6/6/2014,21:29:11
544500,544500,60,6/6/2014 9:16,7,6/6/2014,9:16:38
546000,546000,60,6/6/2014 16:01,6,6/6/2014,16:01:26
547500,547500,60,6/6/2014 21:00,4,6/6/2014,21:00:37
549000,549000,61,6/6/2014 8:51,5,6/6/2014,8:51:51
550500,550500,61,6/6/2014 9:22,13,6/6/2014,9:22:28
552000,552000,61,6/6/2014 9:55,11,6/6/2014,9:55:18
553500,553500,61,6/6/2014 10:40,9,6/6/2014,10:40:36
555000,555000,61,6/6/2014 11:17,13,6/6/2014,11:17:50
556500,556500,61,6/6/2014 11:48,8,6/6/2014,11:48:40
558000,558000,61,6/6/2014 12:25,4,6/6/2014,12:25:15
559500,559500,61,6/6/2014 13:04,1,6/6/2014,13:04:01
561000,561000,61,6/6/2014 13:40,8,6/6/2014,13:40:59
562500,562500,61,6/6/2014 14:11,2,6/6/2014,14:11:33
564000,564000,61,6/6/2014 14:43,15,6/6/2014,14:43:45
565500,565500,61,6/6/2014 15:21,3,6/6/2014,15:21:29
567000,567000,61,6/6/2014 16:07,9,6/6/2014,16:07:48
568500,568500,61,6/6/2014 16:42,3,6/6/2014,16:42:37
570000,570000,61,6/6/2014 17:21,5,6/6/2014,17:21:13
571500,571500,61,6/6/2014 17:52,18,6/6/2014,17:52:12
573000,573000,61,6/6/2014 18:25,3,6/6/2014,18:25:12
574500,574500,61,6/6/2014 18:59,3,6/6/2014,18:59:58
576000,576000,61,6/6/2014 19:45,2,6/6/2014,19:45:52
577500,577500,61,6/6/2014 20:26,6,6/6/2014,20:26:11
579000,579000,61,6/6/2014 21:09,4,6/6/2014,21:09:45
580500,580500,61,6/6/2014 21:52,1,6/6/2014,21:52:14
582000,582000,61,6/6/2014 22:27,4,6/6/2014,22:27:35
583500,583500,62,6/6/2014 9:35,2,6/6/2014,9:35:56
585000,585000,62,6/6/2014 10:53,3,6/6/2014,10:53:44
586500,586500,62,6/6/2014 12:46,4,6/6/2014,12:46:25
588000,588000,62,6/6/2014 14:13,1,6/6/2014,14:13:32
589500,589500,62,6/6/2014 15:25,2,6/6/2014,15:25:52
591000,591000,65,6/6/2014 8:38,1,6/6/2014,8:38:59
592500,592500,65,6/6/2014 9:09,2,6/6/2014,9:09:34
594000,594000,65,6/6/2014 9:43,2,6/6/2014,9:43:47
595500,595500,65,6/6/2014 10:20,3,6/6/2014,10:20:18
597000,597000,65,6/6/2014 11:02,4,6/6/2014,11:02:02
598500,598500,65,6/6/2014 11:43,4,6/6/2014,11:43:23
600000,600000,65,6/6/2014 12:22,1,6/6/2014,12:22:36
601500,601500,65,6/6/2014 13:02,8,6/6/2014,13:02:58
603000,603000,65,6/6/2014 13:41,1,6/6/2014,13:41:12
604500,604500,65,6/6/2014 14:23,4,6/6/2014,14:23:02
606000,606000,65,6/6/2014 15:03,1,6/6/2014,15:03:34
607500,607500,65,6/6/2014 15:46,3,6/6/2014,15:46:21
609000,609000,65,6/6/2014 16:24,4,6/6/2014,16:24:34
610500,610500,65,6/6/2014 17:03,3,6/6/2014,17:03:09
612000,612000,65,6/6/2014 17:41,2,6/6/2014,17:41:05
613500,613500,65,6/6/2014 18:20,3,6/6/2014,18:20:23
615000,615000,65,6/6/2014 19:02,1,6/6/2014,19:02:39
616500,616500,65,6/6/2014 19:49,1,6/6/2014,19:49:36
618000,618000,65,6/6/2014 20:39,2,6/6/2014,20:39:26
619500,619500,65,6/6/2014 21:29,4,6/6/2014,21:29:26
621000,621000,65,6/6/2014 22:31,4,6/6/2014,22:31:46
622500,622500,67,6/6/2014 8:53,2,6/6/2014,8:53:20
624000,624000,67,6/6/2014 9:23,8,6/6/2014,9:23:41
625500,625500,67,6/6/2014 9:51,6,6/6/2014,9:51:52
627000,627000,67,6/6/2014 10:33,1,6/6/2014,10:33:46
628500,628500,67,6/6/2014 11:08,8,6/6/2014,11:08:53
630000,630000,67,6/6/2014 11:44,5,6/6/2014,11:44:34
631500,631500,67,6/6/2014 12:20,5,6/6/2014,12:20:19
633000,633000,67,6/6/2014 12:52,5,6/6/2014,12:52:29
634500,634500,67,6/6/2014 13:24,3,6/6/2014,13:24:12
636000,636000,67,6/6/2014 13:57,13,6/6/2014,13:57:13
637500,637500,67,6/6/2014 14:28,6,6/6/2014,14:28:52
639000,639000,67,6/6/2014 15:06,2,6/6/2014,15:06:32
640500,640500,67,6/6/2014 15:42,10,6/6/2014,15:42:53
642000,642000,67,6/6/2014 16:24,11,6/6/2014,16:24:37
643500,643500,67,6/6/2014 16:59,1,6/6/2014,16:59:56
645000,645000,67,6/6/2014 17:40,1,6/6/2014,17:40:39
646500,646500,67,6/6/2014 18:13,3,6/6/2014,18:13:42
648000,648000,67,6/6/2014 18:45,4,6/6/2014,18:45:46
649500,649500,67,6/6/2014 19:25,1,6/6/2014,19:25:45
651000,651000,67,6/6/2014 20:08,9,6/6/2014,20:08:41
652500,652500,67,6/6/2014 20:49,14,6/6/2014,20:49:45
654000,654000,67,6/6/2014 21:28,5,6/6/2014,21:28:35
655500,655500,72,6/6/2014 8:36,2,6/6/2014,8:36:05
657000,657000,72,6/6/2014 9:04,3,6/6/2014,9:04:16
658500,658500,72,6/6/2014 9:41,4,6/6/2014,9:41:05
660000,660000,72,6/6/2014 10:17,2,6/6/2014,10:17:35
661500,661500,72,6/6/2014 10:52,5,6/6/2014,10:52:20
663000,663000,72,6/6/2014 11:26,2,6/6/2014,11:26:00
664500,664500,72,6/6/2014 12:00,2,6/6/2014,12:00:12
666000,666000,72,6/6/2014 12:38,2,6/6/2014,12:38:14
667500,667500,72,6/6/2014 13:12,7,6/6/2014,13:12:43
669000,669000,72,6/6/2014 13:50,1,6/6/2014,13:50:20
670500,670500,72,6/6/2014 14:25,3,6/6/2014,14:25:16
672000,672000,72,6/6/2014 15:01,3,6/6/2014,15:01:49
673500,673500,72,6/6/2014 15:33,2,6/6/2014,15:33:07
675000,675000,72,6/6/2014 16:09,2,6/6/2014,16:09:41
676500,676500,72,6/6/2014 16:45,5,6/6/2014,16:45:54
678000,678000,72,6/6/2014 17:26,4,6/6/2014,17:26:24
679500,679500,72,6/6/2014 18:00,2,6/6/2014,18:00:25
681000,681000,72,6/6/2014 18:40,1,6/6/2014,18:40:32
682500,682500,72,6/6/2014 19:16,1,6/6/2014,19:16:43
684000,684000,72,6/6/2014 19:56,2,6/6/2014,19:56:05
685500,685500,72,6/6/2014 20:39,2,6/6/2014,20:39:37
687000,687000,72,6/6/2014 21:23,1,6/6/2014,21:23:00
688500,688500,72,6/6/2014 22:26,3,6/6/2014,22:26:59
690000,690000,73,6/6/2014 8:26,4,6/6/2014,8:26:54
691500,691500,73,6/6/2014 8:58,3,6/6/2014,8:58:11
693000,693000,73,6/6/2014 9:27,1,6/6/2014,9:27:17
694500,694500,73,6/6/2014 9:57,8,6/6/2014,9:57:00
696000,696000,73,6/6/2014 10:24,2,6/6/2014,10:24:39
697500,697500,73,6/6/2014 10:53,8,6/6/2014,10:53:14
699000,699000,73,6/6/2014 11:21,1,6/6/2014,11:21:03
700500,700500,73,6/6/2014 11:51,2,6/6/2014,11:51:37
702000,702000,73,6/6/2014 12:23,3,6/6/2014,12:23:33
703500,703500,73,6/6/2014 12:53,1,6/6/2014,12:53:07
705000,705000,73,6/6/2014 13:24,3,6/6/2014,13:24:19
706500,706500,73,6/6/2014 13:59,6,6/6/2014,13:59:16
708000,708000,73,6/6/2014 14:32,9,6/6/2014,14:32:04
709500,709500,73,6/6/2014 15:04,4,6/6/2014,15:04:44
711000,711000,73,6/6/2014 15:36,2,6/6/2014,15:36:25
712500,712500,73,6/6/2014 16:06,1,6/6/2014,16:06:52
714000,714000,73,6/6/2014 16:35,2,6/6/2014,16:35:49
715500,715500,73,6/6/2014 17:08,1,6/6/2014,17:08:21
717000,717000,73,6/6/2014 17:37,1,6/6/2014,17:37:43
718500,718500,73,6/6/2014 18:11,4,6/6/2014,18:11:30
720000,720000,73,6/6/2014 18:46,3,6/6/2014,18:46:54
721500,721500,73,6/6/2014 19:15,5,6/6/2014,19:15:56
723000,723000,73,6/6/2014 19:48,3,6/6/2014,19:48:21
724500,724500,73,6/6/2014 20:23,2,6/6/2014,20:23:58
726000,726000,73,6/6/2014 21:04,2,6/6/2014,21:04:57
727500,727500,73,6/6/2014 21:40,1,6/6/2014,21:40:57
729000,729000,76,6/6/2014 8:58,4,6/6/2014,8:58:36
730500,730500,76,6/6/2014 11:33,2,6/6/2014,11:33:25
732000,732000,76,6/6/2014 13:24,1,6/6/2014,13:24:30
733500,733500,76,6/6/2014 16:14,1,6/6/2014,16:14:02
735000,735000,76,6/6/2014 17:55,1,6/6/2014,17:55:00
736500,736500,78,6/6/2014 14:25,4,6/6/2014,14:25:53
738000,738000,78,6/6/2014 16:23,3,6/6/2014,16:23:46
739500,739500,78,6/6/2014 19:02,4,6/6/2014,19:02:16
741000,741000,78,6/6/2014 21:42,1,6/6/2014,21:42:18
742500,742500,79,6/6/2014 8:26,5,6/6/2014,8:26:50
744000,744000,79,6/6/2014 8:53,3,6/6/2014,8:53:01
745500,745500,79,6/6/2014 9:21,11,6/6/2014,9:21:23
747000,747000,79,6/6/2014 9:47,6,6/6/2014,9:47:57
748500,748500,79,6/6/2014 10:13,6,6/6/2014,10:13:55
750000,750000,79,6/6/2014 10:40,5,6/6/2014,10:40:29
751500,751500,79,6/6/2014 11:06,10,6/6/2014,11:06:30
753000,753000,79,6/6/2014 11:35,4,6/6/2014,11:35:00
754500,754500,79,6/6/2014 12:02,8,6/6/2014,12:02:09
756000,756000,79,6/6/2014 12:29,3,6/6/2014,12:29:50
757500,757500,79,6/6/2014 12:56,3,6/6/2014,12:56:53
759000,759000,79,6/6/2014 13:25,3,6/6/2014,13:25:10
760500,760500,79,6/6/2014 13:51,4,6/6/2014,13:51:55
762000,762000,79,6/6/2014 14:18,1,6/6/2014,14:18:27
763500,763500,79,6/6/2014 14:46,6,6/6/2014,14:46:10
765000,765000,79,6/6/2014 15:14,10,6/6/2014,15:14:40
766500,766500,79,6/6/2014 15:43,3,6/6/2014,15:43:11
768000,768000,79,6/6/2014 16:11,2,6/6/2014,16:11:43
769500,769500,79,6/6/2014 16:41,7,6/6/2014,16:41:05
771000,771000,79,6/6/2014 17:08,4,6/6/2014,17:08:26
772500,772500,79,6/6/2014 17:35,2,6/6/2014,17:35:15
774000,774000,79,6/6/2014 18:02,12,6/6/2014,18:02:16
775500,775500,79,6/6/2014 18:29,4,6/6/2014,18:29:58
777000,777000,79,6/6/2014 18:58,8,6/6/2014,18:58:10
778500,778500,79,6/6/2014 19:24,4,6/6/2014,19:24:09
780000,780000,79,6/6/2014 19:51,4,6/6/2014,19:51:06
781500,781500,79,6/6/2014 20:17,5,6/6/2014,20:17:59
783000,783000,79,6/6/2014 20:44,3,6/6/2014,20:44:45
784500,784500,79,6/6/2014 21:14,8,6/6/2014,21:14:52
786000,786000,79,6/6/2014 21:43,2,6/6/2014,21:43:19
787500,787500,79,6/6/2014 22:27,1,6/6/2014,22:27:48
789000,789000,82,6/6/2014 8:44,2,6/6/2014,8:44:12
790500,790500,82,6/6/2014 9:21,2,6/6/2014,9:21:42
792000,792000,82,6/6/2014 9:56,4,6/6/2014,9:56:58
793500,793500,82,6/6/2014 10:40,5,6/6/2014,10:40:53
795000,795000,82,6/6/2014 11:16,1,6/6/2014,11:16:40
796500,796500,82,6/6/2014 11:51,1,6/6/2014,11:51:10
798000,798000,82,6/6/2014 12:23,2,6/6/2014,12:23:30
799500,799500,82,6/6/2014 12:57,2,6/6/2014,12:57:10
801000,801000,82,6/6/2014 13:36,3,6/6/2014,13:36:25
802500,802500,82,6/6/2014 14:18,2,6/6/2014,14:18:06
804000,804000,82,6/6/2014 14:49,2,6/6/2014,14:49:52
805500,805500,82,6/6/2014 15:32,2,6/6/2014,15:32:01
807000,807000,82,6/6/2014 16:13,1,6/6/2014,16:13:46
808500,808500,82,6/6/2014 16:48,1,6/6/2014,16:48:57
810000,810000,82,6/6/2014 17:24,2,6/6/2014,17:24:21
811500,811500,82,6/6/2014 17:58,2,6/6/2014,17:58:33
813000,813000,82,6/6/2014 18:38,1,6/6/2014,18:38:38
814500,814500,82,6/6/2014 19:15,5,6/6/2014,19:15:22
816000,816000,82,6/6/2014 19:48,3,6/6/2014,19:48:20
817500,817500,82,6/6/2014 20:28,1,6/6/2014,20:28:06
819000,819000,82,6/6/2014 21:11,4,6/6/2014,21:11:54
820500,820500,82,6/6/2014 22:28,1,6/6/2014,22:28:35
822000,822000,85,6/6/2014 8:27,11,6/6/2014,8:27:39
823500,823500,85,6/6/2014 8:55,7,6/6/2014,8:55:55
825000,825000,85,6/6/2014 9:30,7,6/6/2014,9:30:08
826500,826500,85,6/6/2014 10:03,3,6/6/2014,10:03:04
828000,828000,85,6/6/2014 10:41,10,6/6/2014,10:41:11
829500,829500,85,6/6/2014 11:16,13,6/6/2014,11:16:59
831000,831000,85,6/6/2014 11:46,2,6/6/2014,11:46:39
832500,832500,85,6/6/2014 12:19,2,6/6/2014,12:19:26
834000,834000,85,6/6/2014 12:48,3,6/6/2014,12:48:10
835500,835500,85,6/6/2014 13:16,5,6/6/2014,13:16:41
837000,837000,85,6/6/2014 13:52,7,6/6/2014,13:52:02
838500,838500,85,6/6/2014 14:25,2,6/6/2014,14:25:59
840000,840000,85,6/6/2014 14:58,4,6/6/2014,14:58:12
841500,841500,85,6/6/2014 15:36,1,6/6/2014,15:36:56
843000,843000,85,6/6/2014 16:14,12,6/6/2014,16:14:44
844500,844500,85,6/6/2014 16:47,5,6/6/2014,16:47:18
846000,846000,85,6/6/2014 17:20,2,6/6/2014,17:20:43
847500,847500,85,6/6/2014 17:53,3,6/6/2014,17:53:23
849000,849000,85,6/6/2014 18:25,3,6/6/2014,18:25:07
850500,850500,85,6/6/2014 18:53,1,6/6/2014,18:53:32
852000,852000,85,6/6/2014 19:29,2,6/6/2014,19:29:19
853500,853500,85,6/6/2014 20:01,1,6/6/2014,20:01:15
855000,855000,86,6/6/2014 8:13,1,6/6/2014,8:13:44
856500,856500,86,6/6/2014 8:45,1,6/6/2014,8:45:02
858000,858000,86,6/6/2014 9:20,1,6/6/2014,9:20:10
859500,859500,86,6/6/2014 10:00,11,6/6/2014,10:00:34
861000,861000,86,6/6/2014 10:47,2,6/6/2014,10:47:04
862500,862500,86,6/6/2014 11:29,8,6/6/2014,11:29:26
864000,864000,86,6/6/2014 12:04,2,6/6/2014,12:04:13
865500,865500,86,6/6/2014 12:41,6,6/6/2014,12:41:10
867000,867000,86,6/6/2014 13:18,14,6/6/2014,13:18:47
868500,868500,86,6/6/2014 14:00,2,6/6/2014,14:00:36
870000,870000,86,6/6/2014 14:37,2,6/6/2014,14:37:21
871500,871500,86,6/6/2014 15:22,4,6/6/2014,15:22:20
873000,873000,86,6/6/2014 16:04,17,6/6/2014,16:04:03
874500,874500,86,6/6/2014 16:38,3,6/6/2014,16:38:05
876000,876000,86,6/6/2014 17:17,1,6/6/2014,17:17:37
877500,877500,86,6/6/2014 17:54,1,6/6/2014,17:54:39
879000,879000,86,6/6/2014 18:44,1,6/6/2014,18:44:41
880500,880500,86,6/6/2014 19:42,2,6/6/2014,19:42:38
882000,882000,86,6/6/2014 20:48,3,6/6/2014,20:48:19
883500,883500,91,6/6/2014 8:45,1,6/6/2014,8:45:46
885000,885000,91,6/6/2014 9:13,1,6/6/2014,9:13:50
886500,886500,91,6/6/2014 9:44,10,6/6/2014,9:44:10
888000,888000,91,6/6/2014 10:34,2,6/6/2014,10:34:56
889500,889500,91,6/6/2014 11:15,4,6/6/2014,11:15:17
891000,891000,91,6/6/2014 11:48,15,6/6/2014,11:48:52
892500,892500,91,6/6/2014 12:23,3,6/6/2014,12:23:33
894000,894000,91,6/6/2014 12:58,7,6/6/2014,12:58:58
895500,895500,91,6/6/2014 13:31,8,6/6/2014,13:31:55
897000,897000,91,6/6/2014 14:08,1,6/6/2014,14:08:58
898500,898500,91,6/6/2014 14:43,3,6/6/2014,14:43:33
900000,900000,91,6/6/2014 15:25,5,6/6/2014,15:25:44
901500,901500,91,6/6/2014 16:07,9,6/6/2014,16:07:17
903000,903000,91,6/6/2014 16:39,4,6/6/2014,16:39:28
904500,904500,91,6/6/2014 17:16,6,6/6/2014,17:16:31
906000,906000,91,6/6/2014 17:52,1,6/6/2014,17:52:57
907500,907500,91,6/6/2014 18:28,2,6/6/2014,18:28:53
909000,909000,91,6/6/2014 19:10,1,6/6/2014,19:10:50
910500,910500,91,6/6/2014 19:47,1,6/6/2014,19:47:16
912000,912000,91,6/6/2014 20:23,5,6/6/2014,20:23:30
913500,913500,93,6/6/2014 8:16,4,6/6/2014,8:16:16
915000,915000,93,6/6/2014 8:44,2,6/6/2014,8:44:17
916500,916500,93,6/6/2014 9:21,3,6/6/2014,9:21:13
918000,918000,93,6/6/2014 10:05,1,6/6/2014,10:05:24
919500,919500,93,6/6/2014 10:45,1,6/6/2014,10:45:30
921000,921000,93,6/6/2014 11:23,1,6/6/2014,11:23:20
922500,922500,93,6/6/2014 12:05,13,6/6/2014,12:05:04
924000,924000,93,6/6/2014 12:49,7,6/6/2014,12:49:39
925500,925500,93,6/6/2014 13:31,4,6/6/2014,13:31:44
927000,927000,93,6/6/2014 14:17,1,6/6/2014,14:17:21
928500,928500,93,6/6/2014 15:06,1,6/6/2014,15:06:12
930000,930000,93,6/6/2014 15:49,2,6/6/2014,15:49:04
931500,931500,93,6/6/2014 16:28,6,6/6/2014,16:28:11
933000,933000,93,6/6/2014 17:13,5,6/6/2014,17:13:05
934500,934500,93,6/6/2014 17:59,2,6/6/2014,17:59:54
936000,936000,93,6/6/2014 18:42,9,6/6/2014,18:42:05
937500,937500,93,6/6/2014 19:21,2,6/6/2014,19:21:37
939000,939000,93,6/6/2014 20:08,1,6/6/2014,20:08:12
940500,940500,93,6/6/2014 21:05,1,6/6/2014,21:05:56
942000,942000,93,6/6/2014 22:33,1,6/6/2014,22:33:21
943500,943500,95,6/6/2014 8:31,2,6/6/2014,8:31:09
945000,945000,95,6/6/2014 9:05,5,6/6/2014,9:05:40
946500,946500,95,6/6/2014 9:40,5,6/6/2014,9:40:57
948000,948000,95,6/6/2014 10:15,2,6/6/2014,10:15:01
949500,949500,95,6/6/2014 10:48,3,6/6/2014,10:48:46
951000,951000,95,6/6/2014 11:22,5,6/6/2014,11:22:35
952500,952500,95,6/6/2014 11:54,2,6/6/2014,11:54:50
954000,954000,95,6/6/2014 12:30,1,6/6/2014,12:30:17
955500,955500,95,6/6/2014 13:04,10,6/6/2014,13:04:14
957000,957000,95,6/6/2014 13:39,4,6/6/2014,13:39:42
958500,958500,95,6/6/2014 14:20,1,6/6/2014,14:20:47
960000,960000,95,6/6/2014 14:56,2,6/6/2014,14:56:11
961500,961500,95,6/6/2014 15:34,5,6/6/2014,15:34:28
963000,963000,95,6/6/2014 16:12,2,6/6/2014,16:12:43
964500,964500,95,6/6/2014 16:58,2,6/6/2014,16:58:13
966000,966000,95,6/6/2014 17:41,4,6/6/2014,17:41:04
967500,967500,95,6/6/2014 18:23,1,6/6/2014,18:23:07
969000,969000,95,6/6/2014 19:02,3,6/6/2014,19:02:39
970500,970500,95,6/6/2014 19:40,1,6/6/2014,19:40:46
972000,972000,95,6/6/2014 20:26,5,6/6/2014,20:26:48
973500,973500,95,6/6/2014 21:36,1,6/6/2014,21:36:36
975000,975000,98,6/6/2014 8:58,9,6/6/2014,8:58:38
976500,976500,98,6/6/2014 9:27,3,6/6/2014,9:27:50
978000,978000,98,6/6/2014 9:59,1,6/6/2014,9:59:25
979500,979500,98,6/6/2014 10:41,10,6/6/2014,10:41:48
981000,981000,98,6/6/2014 11:18,5,6/6/2014,11:18:19
982500,982500,98,6/6/2014 11:49,6,6/6/2014,11:49:15
984000,984000,98,6/6/2014 12:25,9,6/6/2014,12:25:41
985500,985500,98,6/6/2014 13:02,3,6/6/2014,13:02:20
987000,987000,98,6/6/2014 13:39,2,6/6/2014,13:39:44
988500,988500,98,6/6/2014 14:11,8,6/6/2014,14:11:05
990000,990000,98,6/6/2014 14:48,14,6/6/2014,14:48:41
991500,991500,98,6/6/2014 15:28,7,6/6/2014,15:28:26
993000,993000,98,6/6/2014 16:06,3,6/6/2014,16:06:55
994500,994500,98,6/6/2014 16:42,4,6/6/2014,16:42:04
996000,996000,98,6/6/2014 17:17,2,6/6/2014,17:17:29
997500,997500,98,6/6/2014 17:58,4,6/6/2014,17:58:42
999000,999000,98,6/6/2014 18:29,13,6/6/2014,18:29:22
1000500,1000500,98,6/6/2014 19:10,1,6/6/2014,19:10:25
1002000,1002000,98,6/6/2014 19:51,1,6/6/2014,19:51:57
1003500,1003500,98,6/6/2014 20:33,2,6/6/2014,20:33:04
1005000,1005000,98,6/6/2014 21:19,2,6/6/2014,21:19:34
1006500,1006500,98,6/6/2014 21:58,1,6/6/2014,21:58:45
1008000,1008000,103,6/6/2014 8:39,2,6/6/2014,8:39:32
1009500,1009500,103,6/6/2014 9:06,1,6/6/2014,9:06:21
1011000,1011000,103,6/6/2014 9:33,7,6/6/2014,9:33:40
1012500,1012500,103,6/6/2014 10:02,7,6/6/2014,10:02:15
1014000,1014000,103,6/6/2014 10:31,3,6/6/2014,10:31:59
1015500,1015500,103,6/6/2014 11:01,7,6/6/2014,11:01:48
1017000,1017000,103,6/6/2014 11:30,7,6/6/2014,11:30:29
1018500,1018500,103,6/6/2014 12:01,12,6/6/2014,12:01:09
1020000,1020000,103,6/6/2014 12:29,3,6/6/2014,12:29:19
1021500,1021500,103,6/6/2014 12:59,1,6/6/2014,12:59:28
1023000,1023000,103,6/6/2014 13:29,3,6/6/2014,13:29:23
1024500,1024500,103,6/6/2014 13:58,1,6/6/2014,13:58:48
1026000,1026000,103,6/6/2014 14:29,6,6/6/2014,14:29:54
1027500,1027500,103,6/6/2014 15:04,1,6/6/2014,15:04:01
1029000,1029000,103,6/6/2014 15:32,1,6/6/2014,15:32:08
1030500,1030500,103,6/6/2014 16:01,16,6/6/2014,16:01:59
1032000,1032000,103,6/6/2014 16:30,5,6/6/2014,16:30:33
1033500,1033500,103,6/6/2014 16:59,2,6/6/2014,16:59:51
1035000,1035000,103,6/6/2014 17:28,1,6/6/2014,17:28:51
1036500,1036500,103,6/6/2014 17:58,8,6/6/2014,17:58:26
1038000,1038000,103,6/6/2014 18:28,3,6/6/2014,18:28:27
1039500,1039500,103,6/6/2014 18:56,2,6/6/2014,18:56:26
1041000,1041000,103,6/6/2014 19:24,2,6/6/2014,19:24:49
1042500,1042500,103,6/6/2014 19:53,6,6/6/2014,19:53:18
1044000,1044000,103,6/6/2014 20:20,1,6/6/2014,20:20:36
1045500,1045500,103,6/6/2014 20:51,1,6/6/2014,20:51:01
1047000,1047000,103,6/6/2014 21:22,6,6/6/2014,21:22:09
1048500,1048500,103,6/6/2014 21:59,5,6/6/2014,21:59:08
